{
  "dependencies": {
    "appInsights1": {
      "type": "appInsights.sdk"
    },
    "storage1": {
      "type": "storage.emulator",
      "connectionId": "AzureWebJobsStorage"
    },
    "secrets1": {
      "type": "secrets.user"
    },
    "storage2": {
      "containerPorts": "10000:10000,10001:10001,10002:10002",
      "secretStore": "LocalSecretsFile",
      "containerName": "azurite",
      "containerImage": "mcr.microsoft.com/azure-storage/azurite",
      "type": "storage.container",
      "connectionId": "Endpoint=sb:::sb-dev-eastus-hsouza001.servicebus.windows.net:;SharedAccessKeyName=RootManageSharedAccessKey;SharedAccessKey=fpl3OkHhPlshu6BsXYIwkGBM:lJs4sn+L+ASbGjJ8Ug=",
      "dynamicId": null
    }
  }
}